Transported,PassengerId
True,001301
True,001801
True,001901
True,002101
True,002301
True,002701
True,002901
True,003201
True,003202
True,003301
True,003701
True,004001
True,004002
True,004201
True,004601
True,004602
True,004603
True,004701
True,004702
True,004703
True,004801
True,004901
True,005401
True,005402
True,005403
True,005501
True,005701
True,005901
True,006001
True,006301
True,006501
True,007501
True,007901
True,008001
True,008301
True,008701
True,008901
True,009301
True,009401
True,009402
True,009501
True,009601
True,010001
False,010002
True,010401
True,010601
True,010901
True,011701
True,011801
True,012101
True,012401
True,012501
True,012502
True,013001
True,013101
True,013201
True,013501
True,013701
True,014201
True,014202
True,014203
True,014301
True,014501
True,015001
True,015002
True,015301
True,015401
True,015501
True,015601
True,015701
True,015801
True,015802
True,015901
True,016101
True,016201
True,016601
True,016801
True,017501
True,017502
True,017503
True,017504
True,017505
True,017601
True,018001
True,018401
True,018501
True,018701
True,019101
True,019401
True,019402
True,019403
True,020401
True,020801
True,020901
True,021401
True,021402
True,021501
True,021801
True,022601
True,022701
True,022801
True,022802
True,022803
True,022804
True,023001
True,023002
True,023501
True,023601
True,023801
True,024701
True,024702
True,024901
True,025601
True,025901
True,026201
True,026401
True,026402
True,026403
True,026601
True,026602
True,026801
True,026802
True,027101
True,027201
True,027301
True,027302
True,027303
True,027401
True,027402
True,027601
True,027602
True,027901
True,028001
True,028401
True,029201
True,029301
True,029501
True,029601
True,029901
True,030001
True,030801
True,031101
True,031201
True,031701
True,031801
True,031901
True,031902
True,032301
True,032501
True,032801
True,032901
True,033201
True,033501
True,033901
True,033902
True,033903
True,033904
True,033905
True,033906
True,033907
True,033908
True,034201
True,034202
True,034401
True,034402
True,034901
True,034902
True,034903
True,034904
True,034905
True,034906
True,035101
True,035301
True,035302
True,035401
True,036201
True,036301
True,036302
True,036303
True,036401
True,036402
True,036601
True,036701
True,037401
True,037402
True,038601
True,039001
True,039301
True,039401
True,039901
True,040001
True,040401
True,040601
True,041401
True,041601
True,041801
True,041901
True,041902
True,041903
True,042001
True,042101
True,042201
True,042401
True,042601
True,044001
True,044301
True,045001
True,045101
True,045501
True,046401
True,046701
True,046702
True,046703
True,046704
True,046901
True,047301
True,047801
True,047802
True,047901
True,048301
True,048302
True,048401
True,048601
True,048901
True,048902
True,049101
True,049201
True,049301
True,049401
True,049402
True,049501
True,049502
True,049503
True,049504
True,049505
True,049506
True,049601
True,049602
True,049701
True,050501
True,050801
True,050901
True,051101
True,051401
True,052401
True,052601
True,053001
True,053002
True,053003
True,053201
True,053202
True,053501
True,053601
True,053602
True,054101
True,054301
True,054401
True,055401
True,055701
True,055702
True,055801
True,056201
True,056202
True,057401
True,057801
True,057802
True,058401
True,058402
True,059201
True,059501
True,060101
True,060401
True,060501
True,060601
True,061301
True,061302
True,061601
True,061701
True,062001
True,062002
True,062003
True,062101
True,062201
True,062401
True,062501
True,062502
True,062503
True,062601
True,062602
True,062603
True,062701
True,063201
True,063202
True,063203
True,064001
True,064002
True,064801
True,064802
False,064901
True,065101
True,065201
True,065202
True,065203
True,065204
True,065205
True,065401
True,066201
True,066601
True,066602
True,066701
True,067001
True,067002
True,067301
True,067501
True,067601
True,068101
True,069201
True,069401
True,069501
True,069801
True,070001
True,070601
True,070801
True,070802
True,071101
True,071601
True,071701
True,071702
True,071703
True,071704
True,071705
True,071706
True,071707
True,072001
True,072002
True,072003
True,072101
True,072201
True,072301
True,072501
True,073001
True,073101
True,073102
True,073501
True,073901
True,074101
True,074201
True,074202
True,074401
True,074501
True,074701
True,074801
True,074802
True,074901
True,075101
True,075201
True,075501
True,075801
True,075802
True,075803
True,075901
True,075902
True,075903
True,076001
True,076301
True,076302
True,076601
True,077401
True,077402
True,077403
True,077501
True,077502
True,077503
True,077504
True,077505
True,077506
True,077801
True,077802
True,078001
True,078301
True,079201
True,080001
True,080101
True,080301
True,080401
True,080701
True,081001
True,081201
True,081401
True,082101
True,082701
True,082702
True,082703
True,083101
True,083201
True,083701
True,083702
True,083801
True,083802
True,084101
True,084201
True,084301
True,084401
True,084701
True,085201
True,085401
True,085501
True,085601
True,085701
True,085801
True,085802
True,086101
True,086201
True,086401
True,086402
True,086403
True,086601
True,087201
True,088001
True,088002
True,088201
True,088401
True,088402
True,088601
True,088602
True,088603
True,088701
True,088702
True,088801
True,088802
True,089101
True,089201
True,089202
True,089203
True,089401
True,089501
True,089601
True,089701
True,089702
True,090001
True,090801
True,090901
True,090902
True,090903
True,091401
True,091601
True,091701
True,092001
True,092901
True,093401
True,093601
True,093701
True,094301
True,094302
True,094303
True,094501
True,094502
True,094801
True,095001
True,095401
True,095801
True,095901
True,096201
True,096301
True,096701
True,097301
True,097401
True,097701
True,098001
True,098101
True,098102
True,098601
True,098602
True,099601
True,099901
True,099902
True,100301
True,100701
True,100901
True,101001
True,101601
True,102101
True,102301
True,102801
True,103701
True,103901
True,104201
True,104401
True,105001
True,105501
True,105901
True,105902
True,106101
True,106401
True,106402
True,106701
True,106901
True,107001
True,107201
True,107202
True,107203
True,107204
True,107205
True,107206
True,107207
True,107208
True,107301
True,107401
True,107402
True,108101
True,108701
True,109001
True,109002
True,109201
True,109801
True,110101
True,110301
True,110401
True,110601
True,110602
True,110701
True,110901
True,111101
True,111102
True,111103
True,111801
True,111802
True,111803
True,111804
True,111805
True,111901
True,111902
True,112001
True,112201
True,112401
True,112402
True,112403
True,112501
True,112502
True,112601
True,112801
True,112802
True,113101
True,113501
True,113502
True,113503
True,113504
True,113701
True,113702
True,113801
True,113901
True,114301
True,114501
True,114502
True,114503
True,114504
True,115101
True,115701
True,115801
True,115802
True,115901
True,115902
True,115903
True,116001
True,116401
True,117101
True,117201
True,117601
True,118101
True,118301
True,118302
True,118303
True,118401
True,118402
True,118901
True,119401
True,119601
True,119602
True,120001
True,120101
True,120102
True,120201
True,120401
True,120501
True,120701
False,120702
True,120703
True,120704
True,120901
True,120902
True,121701
True,121702
True,121901
True,121902
True,122401
True,122402
True,122601
True,122602
True,122701
True,123701
True,124101
True,124401
True,124501
True,124701
True,124901
True,125101
True,125201
True,125301
True,125701
True,125702
True,125703
True,125704
True,126201
True,126202
True,126501
True,126601
True,126801
True,127001
True,127201
True,127501
True,127601
True,127701
True,129001
True,129601
True,129701
True,129801
True,130101
True,130102
True,130103
True,130301
True,130501
True,131301
True,131401
True,131501
True,131801
True,131901
True,131902
True,132001
True,132002
True,132003
True,132101
True,132102
True,132103
True,132104
True,132701
True,132901
True,133401
True,133801
True,133802
True,133901
True,134101
True,134102
True,134103
True,134301
True,134302
True,134303
True,134401
True,134601
True,134901
True,134902
True,135401
True,135402
True,135403
True,135404
True,135405
True,135406
True,135407
True,135801
True,135802
True,135901
True,136101
True,136102
True,136301
True,136401
True,136402
True,136701
True,136901
True,136902
True,136903
True,137201
True,137301
True,137401
True,138801
True,139201
True,139401
True,139601
True,140501
True,140901
True,140902
True,141101
True,141801
True,142201
True,142202
True,142203
True,142901
True,143201
True,143202
True,143601
True,143701
True,144101
True,144601
True,144801
True,144901
True,145601
True,145901
True,146401
True,146601
True,146801
True,146901
True,146902
True,147001
True,147101
True,147102
False,147103
False,147104
True,147105
True,147201
True,147301
True,147302
True,147501
True,147601
True,147701
True,147702
True,148001
True,148201
True,148301
True,148601
True,148701
True,148702
True,149201
True,149202
True,149401
True,149501
True,149502
True,149601
True,149701
True,149702
True,150201
True,150202
True,150203
True,150204
True,150401
True,150501
True,150801
True,151201
True,151301
True,151401
True,151601
True,151701
True,151801
True,151802
True,151901
True,152201
True,153001
True,153401
True,153402
True,153501
True,153701
True,153801
True,153802
True,154601
True,154901
True,155301
True,155302
True,155401
True,155402
True,155601
True,155701
True,155901
True,155902
True,156301
True,156601
True,157001
True,157101
True,157401
True,157501
True,158201
True,158202
True,158301
True,158601
True,158701
True,158702
True,158901
True,159101
True,159102
True,159801
True,159802
True,160001
True,160501
True,160701
True,160901
True,161001
True,161601
True,161801
True,162001
True,162301
True,162701
True,162901
True,162902
True,162903
True,162904
True,162905
True,162906
True,163901
True,164101
True,164201
True,164301
True,164801
True,165201
True,165401
True,166401
True,166501
True,166502
True,166701
True,167501
True,167801
True,167901
True,168001
True,168002
True,168301
True,168401
True,168601
True,168901
True,168902
True,168903
True,169201
True,169301
True,170101
True,170201
True,170301
True,170601
True,170701
True,171601
True,172001
True,172201
True,172601
True,172602
True,172603
True,173201
True,173501
True,173701
True,174101
True,174102
True,174103
True,174301
True,174401
True,175001
True,175101
True,175102
True,175401
True,175601
True,175901
True,176501
True,177301
True,177701
True,177702
True,178001
True,178401
True,178701
True,178801
True,178901
True,179001
True,179002
True,179101
True,179102
True,179301
True,179302
True,179401
True,179501
True,180101
True,180102
True,180901
True,181401
True,181402
True,181403
True,181501
True,181901
True,182001
True,182401
True,182501
True,182502
True,183001
True,183201
True,183501
True,183502
True,183701
True,183801
True,183901
True,184001
True,184201
True,184501
True,185101
True,185102
True,185201
True,185202
True,185203
True,185204
True,185801
True,186201
True,186202
True,186203
True,186701
True,186901
True,187001
True,187501
True,187601
True,188301
True,188501
True,189301
True,189401
True,189501
True,189601
True,190001
True,190401
True,190901
True,190902
True,190903
True,191001
True,191002
True,191003
True,191004
True,191201
True,191301
True,191302
True,191303
True,191401
True,191701
True,191901
True,192101
True,192102
True,192401
True,192901
True,193001
True,193201
True,193401
True,193601
True,194301
True,194401
True,194801
True,194802
True,194901
True,195101
True,195102
True,195401
True,195501
True,195801
True,196501
True,196601
True,197001
True,197201
True,198201
True,198601
True,198701
True,198901
True,199001
True,199002
True,199801
True,200201
True,200401
True,200501
True,200502
True,200801
True,201401
True,201601
True,201602
True,201701
True,201702
True,201801
True,202001
True,202101
True,202301
True,202302
True,202303
True,202501
True,203001
True,203101
True,203301
True,203501
True,203502
True,203601
True,203602
True,203603
True,203701
True,203702
True,203901
True,203902
True,203903
True,204701
True,204801
True,204901
True,205001
True,205701
True,205702
True,205703
True,205704
True,205705
True,205801
True,206401
True,206801
True,206802
True,206803
True,206804
True,206805
True,206901
True,207201
True,207202
True,207601
True,207701
True,207801
True,207901
True,207902
True,207903
True,209301
True,209801
True,210101
True,210102
True,210301
True,210801
True,210802
True,210901
True,211301
True,211901
True,211902
True,212201
True,213201
True,214601
True,214602
True,215101
True,215501
True,215701
True,216001
True,216002
True,216003
True,216501
True,216601
True,216901
True,217001
True,217401
True,217601
True,217801
True,218101
True,218401
True,218402
True,218501
True,219201
True,219701
True,219901
True,220801
True,221301
True,221401
True,221601
True,221701
True,221801
True,222201
True,222601
True,222701
True,223001
True,223601
True,224001
True,224002
True,224003
True,224201
True,224401
True,224501
True,224502
True,224601
True,224602
True,224701
True,224801
True,224901
True,225001
True,225901
True,225902
True,226001
True,226501
True,227101
True,227601
True,227602
True,228301
True,228501
True,228601
True,229001
True,229201
True,229301
True,229401
True,229701
True,230401
True,230701
True,230702
True,230703
True,230704
True,230705
True,232201
True,232301
True,232401
True,232601
True,232801
True,233001
True,233101
True,233401
True,233501
True,233701
True,234201
True,234301
True,234302
True,234401
True,234402
True,234601
True,235001
True,235002
True,235003
True,235101
True,235102
True,235201
True,235401
True,235501
True,235502
True,235503
True,235504
True,235801
True,235901
True,236201
True,237001
True,237002
True,237003
True,237004
True,237101
True,237201
True,237801
True,237802
True,238001
True,238002
True,238101
True,238301
True,238302
True,238601
True,238801
True,238802
True,239301
True,239401
True,239402
True,239403
True,240001
True,240501
True,240701
True,240801
True,241501
True,241801
True,242001
True,242201
True,242202
True,242501
True,242502
True,242503
True,242504
True,242505
True,242506
True,242801
True,243001
True,243002
True,243003
True,243401
True,243402
True,243701
True,244001
True,244701
True,244801
True,244802
True,245001
True,245901
True,246401
True,246501
True,246801
True,246901
True,246902
True,247301
True,248101
True,248102
True,248201
True,248202
True,248401
True,248402
True,248501
True,248701
True,248702
True,248703
True,249001
True,249301
True,249302
True,249401
True,249402
True,249501
True,250101
True,250401
True,250701
True,251101
True,251401
True,251701
True,252501
True,252901
True,253301
True,253601
True,253801
True,253802
True,253901
True,254301
True,255401
True,255601
True,256301
True,256601
True,256701
True,256702
True,256801
True,256901
True,257001
True,257501
True,257601
True,257701
True,257702
True,257901
True,258301
True,258501
True,258601
True,258701
True,258702
True,260001
True,260301
True,260302
True,260401
True,260801
True,261001
True,261101
True,261201
True,261301
True,261401
True,261501
True,262001
True,262101
True,262301
True,263001
True,263002
True,263003
True,263201
True,263701
True,263702
True,263703
True,263901
True,264401
True,265301
True,265401
True,265601
True,266501
True,266701
True,266702
True,266703
True,266704
True,266705
True,266901
True,267301
True,267401
True,267402
True,268001
True,268101
True,268601
True,268901
True,269401
True,269402
True,269601
True,269901
True,270501
True,271001
True,271002
True,271101
True,271501
True,271502
True,271601
True,271602
True,271901
True,271902
True,271903
True,272801
True,273101
True,273301
True,273501
True,274201
True,274401
True,274901
True,275701
True,276101
True,276102
True,276601
True,276701
True,277101
True,277501
True,277601
True,277701
True,277901
True,278201
True,279101
True,279401
True,279402
True,279403
True,279404
True,279405
True,279406
True,279407
True,280001
True,280301
True,280401
True,280801
True,280802
True,281501
True,281502
True,281503
True,281601
True,282701
True,282801
True,282901
True,283001
True,283301
True,283601
True,284101
True,284201
True,284401
True,284501
True,284502
True,284801
True,284802
True,284803
True,284901
True,285001
True,285002
True,285003
True,285004
True,285101
True,285501
True,286401
True,286801
True,286802
True,286803
True,286804
True,287401
True,287901
True,288501
True,288601
True,288901
True,289501
True,289601
True,289801
True,289802
True,290301
True,290401
True,290402
True,291101
True,291401
True,291501
True,291601
True,291701
True,291801
True,292101
True,292201
True,292301
True,292401
True,293101
True,293102
True,293201
True,293301
True,293701
True,293901
True,294601
True,294602
True,294603
True,294604
True,294701
True,295101
True,295201
True,295501
True,295701
True,296301
True,296701
True,297301
True,297401
True,297601
True,297602
True,297603
True,297604
True,297701
True,297702
True,297703
True,297801
True,298001
True,298101
True,298501
True,298701
True,298901
True,299101
True,299701
True,299702
True,299703
True,299704
True,299901
True,300201
True,300701
True,300801
True,300802
True,300803
True,300804
True,300805
True,300806
True,301101
True,301601
True,301602
True,301603
True,301604
True,301701
True,302801
True,303101
True,303501
True,303701
True,303702
True,304101
True,304301
True,304601
True,304901
True,305101
True,305201
True,305601
True,305701
True,305801
True,305901
True,306901
True,307201
True,307401
True,307501
True,307701
True,307702
True,307801
True,307802
True,307803
True,307804
True,308601
True,308901
True,309401
True,309701
True,309801
True,310101
True,310501
True,310502
True,310503
True,310601
True,310701
True,310801
True,310901
True,311501
True,312201
True,312202
True,312501
True,312502
True,312701
True,312901
True,313501
True,313701
True,313901
True,314101
True,314401
True,314601
True,314801
True,314802
True,315001
True,315101
True,315301
True,315302
True,315401
True,315501
True,315502
True,315601
True,315701
True,316001
True,316501
True,316701
True,317001
True,317301
True,317701
True,317801
True,318301
True,318601
True,318701
True,319001
True,319002
True,319401
True,319801
True,319901
True,320201
True,320701
True,320801
True,321401
True,322201
True,322601
True,322801
True,323101
True,323301
True,323401
True,324201
True,324401
True,324402
True,324403
True,324501
True,324502
True,324601
True,324901
True,324902
True,325001
True,325101
True,325701
True,326101
True,326301
True,326401
True,326501
True,326502
True,326503
True,326504
True,326601
True,326701
True,327701
True,327801
True,328101
True,328501
True,328502
True,328601
True,328801
True,329001
True,329002
True,329101
True,330201
True,330301
True,330601
True,330701
True,331601
True,332001
True,332002
True,332101
True,333301
True,333401
True,333501
True,334001
True,334101
True,334102
True,334401
True,334402
True,334501
True,334502
True,334503
True,334601
True,334701
True,334702
True,335101
True,335102
True,335401
True,335501
True,335601
True,335801
True,336201
True,336202
True,336601
True,336701
True,336801
True,336802
True,336803
True,336804
True,336805
True,336806
True,336807
True,336901
True,337301
True,337401
True,337501
True,337601
True,337801
True,337901
True,338501
True,338801
True,339301
True,339801
True,339901
True,340001
True,340701
True,340702
True,341101
True,341102
True,341103
True,341104
True,341105
True,341106
True,341107
True,341401
True,341601
True,342701
True,342901
True,343501
True,343601
True,344801
True,344802
True,345101
True,345201
True,345701
True,346001
True,346301
True,346601
True,347101
True,347201
True,347701
True,347702
True,347901
True,348101
True,348201
True,348202
True,349301
True,349401
True,349402
True,349801
True,350001
True,350201
True,350301
True,350501
True,350701
True,350801
True,350802
True,350901
True,350902
True,351001
True,351301
True,351302
True,351303
True,351304
True,351601
True,351701
True,352201
True,352401
True,352601
True,352901
True,353201
True,353801
True,354101
True,354401
True,354402
True,354501
True,354901
True,354902
True,355101
True,355401
True,355701
True,357101
True,357401
True,357501
True,358001
True,358002
True,358101
True,358301
True,358501
True,358701
True,358702
True,358703
True,358901
True,358902
True,358903
True,358904
True,358905
True,358906
True,358907
True,359001
True,359301
True,359901
True,360101
True,360102
True,360103
False,360104
True,360105
True,360106
True,360107
True,360301
True,360302
True,360401
True,361101
True,361701
True,361702
True,361703
True,361801
True,361802
True,361803
True,361804
True,362101
True,362102
True,362301
True,362701
True,363201
True,363301
True,363501
True,363502
True,363701
True,363801
True,364301
True,364601
True,364602
True,364901
True,365101
True,365601
True,365602
True,365701
True,365702
True,365703
True,365901
True,365902
True,365903
True,365904
True,365905
True,365906
True,365907
True,366101
True,366301
True,366601
True,366901
True,367001
True,367201
True,367202
True,367301
True,367501
True,367502
True,367503
True,367601
True,368301
True,368302
True,368401
True,368402
True,368501
True,368701
True,368901
True,369401
True,369501
True,369601
True,369701
True,369801
True,370101
True,370102
True,370103
True,370901
True,371201
True,371202
True,371203
True,371204
True,371205
True,371701
True,371702
True,371801
True,372001
True,372002
True,372003
True,372101
True,372201
True,372301
True,372501
True,372701
True,373001
True,373101
True,373801
True,374001
True,374601
True,374602
True,374603
True,374604
True,376201
True,376301
True,376401
True,376402
True,376601
True,376602
True,378001
True,378201
True,378202
True,379101
True,379201
True,379401
True,379901
True,380001
True,380201
True,380601
True,380801
True,380901
True,380902
True,381301
True,381901
True,382501
True,382701
True,382801
True,382802
True,382803
True,382901
True,382902
True,383301
True,383401
True,383701
True,384001
True,384301
True,384401
True,384402
True,384501
True,385501
True,385801
True,385802
True,385803
True,385804
True,385901
True,386001
True,386101
True,386301
True,386501
True,386901
True,387601
True,387602
True,387603
True,387701
True,387801
True,388001
True,388101
True,388201
True,388401
True,388501
True,388701
True,388901
True,388902
True,389101
True,389201
True,389202
True,389301
False,389302
True,389303
True,390001
True,390101
True,390201
True,390501
True,390601
True,390602
True,390801
True,390802
True,391001
True,391401
True,391801
True,392001
True,392501
True,392502
True,392901
True,393401
True,393402
True,394301
True,394302
True,394303
True,394701
True,395101
True,395301
True,395601
True,395701
True,396501
True,396901
True,397201
True,397501
True,397801
True,397901
True,398201
True,398301
True,398901
True,398902
True,398903
True,398904
True,399001
True,399301
True,400401
True,400701
True,401101
True,401201
True,401202
True,401501
True,401502
True,402401
True,402501
True,402801
True,402901
True,404101
True,404801
True,404802
True,404803
True,405101
True,405201
True,405401
True,405402
True,405403
True,405601
True,405701
True,405901
True,405902
True,406201
True,406701
True,407001
True,407002
True,407003
True,407301
True,407302
True,407401
True,407701
True,408501
True,408601
True,408602
True,408603
True,408701
True,408801
True,409201
True,409401
True,409402
True,410001
True,410501
True,411101
True,411701
True,411801
True,411901
True,412101
True,412201
True,412301
True,412401
True,412601
True,413301
True,413302
True,413601
True,413602
True,413801
True,413901
True,414601
True,414801
True,415301
True,415501
True,415701
True,416101
True,416201
True,416401
True,418001
True,418002
True,418701
True,419001
True,419201
True,419301
True,419501
True,419801
True,420001
True,420101
True,420201
True,420202
True,420901
True,421701
True,422401
True,422402
True,422601
True,422602
True,422701
True,422801
True,423401
True,423402
True,423501
True,423502
True,423601
True,423602
True,424101
True,424701
True,424702
True,424801
True,424802
True,425001
True,426301
True,426302
True,426303
True,426501
True,426801
True,426802
True,426901
True,427501
True,427601
True,427701
True,427901
True,428101
True,428201
True,428301
True,428401
True,428402
True,428501
True,428601
True,428602
True,428603
True,428701
True,428801
True,428802
True,429001
True,429801
True,429802
True,429803
True,429901
True,430401
True,430701
True,430801
True,431001
True,431301
True,431401
True,432101
True,432201
True,432301
True,432302
True,432303
True,432304
True,432501
True,432601
True,432801
True,433101
True,434101
True,434102
True,434201
True,435301
True,435501
True,436301
True,437401
True,437501
True,437701
True,437702
True,437703
True,437801
True,437802
True,437901
True,438001
True,438101
True,438102
True,438401
True,438501
True,438502
True,438503
True,438901
True,439401
True,439801
True,440601
True,441201
True,441401
True,441701
True,441801
True,441901
True,441902
True,442001
True,442002
True,442101
True,442301
True,442501
True,442502
True,443401
True,443501
True,443502
True,443901
True,443902
True,444201
True,444301
True,444302
True,445401
True,445501
True,445502
True,445503
True,445801
True,446001
True,446801
True,447101
True,447801
True,448001
True,448101
True,448401
True,448801
True,448901
True,449501
True,449901
True,450301
True,450401
True,450701
True,451301
True,451901
True,452001
True,452301
True,452302
True,452303
True,452304
True,452305
True,452306
True,452501
True,452601
True,452701
True,452801
True,453601
True,454001
True,454101
True,454501
True,454801
True,455101
True,455102
True,455103
True,455104
True,455401
True,455601
True,456601
True,457801
True,457901
True,458201
True,458202
True,458203
True,458204
True,458205
True,458206
True,458207
True,458301
True,458302
True,458303
True,458401
True,458801
True,458901
True,459001
True,459801
True,459901
True,460001
True,460002
True,460101
True,461401
True,461402
True,461601
True,461801
True,461901
True,462601
True,462602
True,462701
True,462901
True,463601
True,463901
True,463902
True,463903
True,463904
True,463905
True,463906
True,464701
True,466001
True,466601
True,466901
True,467001
True,467101
True,467102
True,467103
True,467104
True,467401
True,467501
True,467502
True,468101
True,468201
True,468301
True,468302
True,468501
True,468701
True,468801
True,469201
True,469701
True,469801
True,470001
True,470101
True,470102
True,470103
True,470104
True,470201
True,470202
True,470301
True,470302
True,470501
True,470502
True,470701
True,470702
True,471501
True,471601
True,471801
True,472201
True,472401
True,472701
True,472702
True,472901
True,473101
True,473401
True,473501
True,473601
True,473701
True,474001
True,474201
True,474501
True,474701
True,474702
True,474901
True,475101
True,476001
True,476101
True,476102
True,476103
True,476501
True,476601
True,476701
True,476801
True,476802
True,477101
True,477601
True,477602
True,477603
True,477604
True,477901
True,478101
True,478901
True,479901
True,479902
True,479903
True,480001
True,480201
True,480202
True,480501
True,480601
True,480901
True,481101
True,481201
True,481601
True,482001
True,482002
True,482101
True,482401
True,482501
True,482601
True,483301
True,483302
True,483401
True,483501
True,483901
True,484301
True,484302
True,484401
True,484901
True,485201
True,485401
True,485501
True,485502
True,485801
True,485901
True,486001
True,486101
True,486501
True,486701
True,486901
True,487201
True,487701
True,489401
True,490501
True,490601
True,490701
True,490801
True,491401
True,491901
True,492101
True,492201
True,492601
True,492801
True,493101
True,493501
True,493502
True,493503
True,493601
True,494701
True,494801
True,494901
True,494902
True,495301
True,495501
True,495701
True,495901
True,496001
True,496201
True,496601
True,496602
True,496701
True,496801
True,496901
True,496902
True,497101
True,497601
True,498201
True,498401
True,498402
True,498501
True,498601
True,498801
True,499301
True,499401
True,500101
True,500201
True,501101
True,502201
True,502401
True,502402
True,502403
True,502404
True,502405
True,502601
True,502901
True,502902
True,503001
True,503101
True,503102
True,503301
True,503302
True,503701
True,503801
True,503802
True,504101
True,504301
True,504302
True,504303
True,504501
True,504601
True,504701
True,504901
True,505301
True,505401
True,505501
True,505601
True,505602
True,506601
True,507101
True,507501
True,507701
True,507801
True,507901
True,508101
True,508201
True,508601
True,508602
True,509201
True,509401
True,509402
True,509601
True,509602
True,509801
True,509802
True,509803
True,509901
True,510001
True,510101
True,510201
True,510701
True,511001
True,511301
True,511401
True,511701
True,511801
True,511901
True,512101
True,512301
True,513101
True,513102
True,513401
True,513501
True,513901
True,514101
True,514301
True,514701
True,514901
True,514902
True,515001
True,515301
True,515501
True,515901
True,515902
True,516401
True,516402
True,516801
True,516901
True,517201
True,517801
True,518301
True,518901
True,519101
True,519501
True,520001
True,520301
True,520302
True,521201
True,521501
True,521901
True,521902
True,522201
True,522801
True,522802
True,523101
True,523201
True,523202
True,523301
True,523701
True,524101
True,524102
True,524501
True,525901
True,526101
True,526301
True,526701
True,526702
True,526703
True,527001
True,528301
True,528401
True,528501
True,528601
True,528901
True,529301
True,529302
True,529401
True,529501
True,529601
True,530201
True,530601
True,530602
True,530801
True,530802
True,530803
True,530901
True,531101
True,531701
True,531702
True,531801
True,531802
True,531901
True,532101
True,532401
True,532801
True,532901
True,532902
True,532903
True,532904
True,532905
True,532906
True,532907
True,533201
True,533501
True,533502
True,533503
True,533504
True,533601
True,533801
True,533901
True,533902
True,533903
True,534201
True,534901
True,535201
True,535701
True,535702
True,535703
True,535704
True,535801
True,536401
True,536901
True,536902
True,536903
True,537001
True,537101
True,537102
True,537103
True,537104
True,537301
True,537601
True,537602
True,537701
True,538101
True,538201
True,538202
True,538601
True,539101
True,539301
True,539801
True,539901
True,540001
True,540301
True,540501
True,540701
True,540901
True,541701
True,541901
True,542601
True,542801
True,542802
True,542901
True,543201
True,543301
True,543901
True,544201
True,544401
True,544801
True,544901
True,545601
True,546001
True,546101
True,546401
True,547301
True,547302
True,548101
True,548201
True,548202
True,548601
True,549301
True,549501
True,549801
True,549802
True,550201
True,550301
True,550501
True,550502
True,550503
True,551301
True,551302
True,551303
True,551304
True,551601
True,551801
True,551901
True,552501
True,553201
True,553301
True,553401
True,554201
True,554701
True,554801
True,554901
True,555301
True,555302
True,555401
True,555801
True,556201
True,556202
True,556401
True,556501
True,556701
True,557001
True,557601
True,557701
True,557702
True,557703
True,557704
True,557705
True,557901
True,558401
True,558402
True,558801
True,558802
True,558803
True,558804
True,558805
True,559001
True,559301
True,559701
True,560001
True,560401
True,560501
True,560701
True,561201
True,561701
True,562001
True,562002
True,562101
True,562401
True,563001
True,563201
True,563301
True,563401
True,563501
True,563601
True,563801
True,564101
True,564901
True,565401
True,565601
True,565701
True,565801
True,566001
True,566401
True,566402
False,566403
True,566404
True,566501
True,566601
True,566801
True,566901
True,567001
True,567201
True,567501
True,567601
True,567801
True,567802
True,568201
True,568301
True,569001
True,569101
True,569401
True,569701
True,569901
True,570301
True,570801
True,571501
True,571502
True,572001
True,572002
True,573101
True,573102
True,573401
True,573402
True,574101
True,574301
True,574501
True,574901
True,575201
True,575301
True,575401
True,575901
True,576001
True,576201
True,576601
True,577001
True,577401
True,577501
True,578201
True,578202
True,578203
True,578204
True,578401
True,578701
True,578702
True,578703
True,578901
True,578902
True,579701
True,579801
True,580101
True,580301
True,580501
True,580701
True,581501
True,581502
True,581503
True,581504
True,583001
True,583201
True,583301
True,583801
True,584101
True,584102
True,584103
True,584501
True,585001
True,585101
True,585102
True,585301
True,586201
True,586401
True,586501
True,586601
True,587001
True,587201
True,587301
True,587302
True,587303
True,588101
True,588301
True,588401
True,589201
True,589301
True,589302
True,589501
True,589601
True,589901
True,590401
True,590402
True,591001
True,591101
True,591102
True,591103
True,591104
True,591105
True,591106
True,591401
True,591701
True,591801
True,592601
True,592901
True,593201
True,593501
True,593601
True,593602
True,593603
True,593604
True,593605
True,593701
True,594001
True,594201
True,594202
True,594301
True,594801
True,595801
True,596101
True,596102
True,596201
True,596401
True,596402
True,596601
True,596602
True,597801
True,597802
True,597901
True,598201
True,599601
True,599701
True,599702
True,600201
True,600501
True,600502
False,600503
True,600504
True,600505
True,600901
True,600902
True,601201
True,601301
True,601801
True,602101
True,602301
True,603701
True,604401
True,604402
True,604601
True,605001
True,605101
True,605102
True,605301
True,605601
True,605701
True,606001
True,606301
True,607201
True,607401
True,607402
True,607403
True,607801
True,607901
True,608101
True,608102
True,608103
True,608104
True,608301
True,608401
True,608801
True,608901
True,609301
True,609701
True,610001
True,610401
True,611301
True,611401
True,611901
True,611902
True,611903
True,612501
True,612901
True,613101
True,613401
True,614001
True,614201
True,614202
True,614401
True,614701
True,615101
True,615102
True,615401
True,615901
True,616001
True,616002
True,616101
True,616401
True,616501
True,617701
True,618301
True,618501
True,618701
True,618801
True,619001
True,619301
True,619302
True,619303
True,619304
True,619501
True,619601
True,619701
True,619801
True,620201
True,620301
True,620401
True,620901
True,620902
True,621001
True,621201
True,621401
True,621701
True,621702
True,622101
True,622601
True,623101
True,623102
True,623103
True,623301
True,623302
True,623303
True,623501
True,624001
True,624201
True,624401
True,624402
True,624701
True,625501
True,625701
True,625702
True,625703
True,625801
True,625901
True,626001
True,626002
True,626101
True,626102
True,626701
True,626702
True,626703
True,626704
True,626705
True,626706
True,626901
True,626902
True,626903
True,627201
True,627202
True,627501
True,627801
True,627802
True,628401
True,628601
True,628602
True,628701
True,628702
True,628801
True,628802
True,628803
True,628804
True,629101
True,629401
True,629501
True,629502
True,629801
True,630301
True,630601
True,630701
True,631001
True,631101
True,631201
True,631202
True,631401
True,632901
True,633201
True,633202
True,633203
True,633204
True,633205
True,633206
True,633207
True,633208
True,633301
True,633601
True,633701
True,634201
True,634202
True,634501
True,634502
True,635001
True,635201
True,635202
True,635801
True,635802
True,635901
True,636201
True,636401
True,637501
True,637701
True,637901
True,638201
True,638301
True,638302
True,638303
True,638401
True,638601
True,638701
True,638901
True,639101
True,639102
True,639201
True,639301
True,639501
True,640101
True,640102
True,640301
True,641001
True,641002
True,641701
True,642001
True,642301
True,642501
True,642502
True,642601
True,642701
True,642901
True,643501
True,643801
True,644001
True,644101
True,644501
True,646001
True,646501
True,646601
True,646701
True,646901
True,647401
True,647601
True,647901
True,647902
True,648301
True,648401
True,648601
True,649101
True,649102
True,649103
True,649501
True,649601
True,649602
True,649701
True,649801
True,649901
True,649902
False,649903
True,649904
True,649905
True,649906
True,649907
True,649908
True,650401
True,650402
True,650501
True,650601
True,650602
True,650701
True,651501
True,651601
True,651602
True,651801
True,651901
True,652101
True,652401
True,652701
True,652801
True,653201
True,653301
True,653302
True,653401
True,653601
True,653701
True,653801
True,654201
True,654301
True,655001
True,655101
True,655401
True,655501
True,655901
True,655902
True,655903
True,656401
True,656402
True,656601
True,657101
True,657501
True,657601
True,657701
True,657702
True,657703
True,657901
True,658101
True,658401
True,658601
True,658701
True,658901
True,659601
True,659602
True,659701
True,660001
True,660002
True,660501
True,660502
True,660701
True,661001
True,661201
True,661202
True,661203
True,661204
False,661205
True,661206
True,661501
True,661701
True,661702
True,661703
True,661901
True,662701
True,662901
True,663201
True,663601
True,664001
True,664401
True,664801
True,665101
True,665301
True,665701
True,665801
True,665802
True,665803
True,666101
True,666601
True,667701
True,667801
True,667802
True,667901
True,668201
True,668202
True,668501
True,668601
True,668701
True,668801
True,668901
True,668902
True,669001
True,669501
True,669601
True,670001
True,670002
True,670101
True,670301
True,670401
True,670501
True,671001
True,671201
True,671401
True,671501
True,671601
True,671701
True,672301
True,672801
True,673201
True,673301
True,673501
True,673701
True,673801
True,673802
True,674001
True,674301
True,675201
True,675202
True,675203
True,675501
True,675901
True,676701
True,676702
True,676801
True,676901
True,677001
True,677002
True,677003
True,677101
True,677201
True,677202
True,677701
True,678101
True,678301
True,678501
True,679001
True,679101
True,679301
True,679302
True,679501
True,679701
True,680301
True,680401
True,680701
True,680702
True,680901
True,681101
True,681201
True,681202
True,681501
True,681901
True,681902
True,681903
True,682301
True,682801
True,683001
True,683501
True,683502
True,683601
True,683801
True,683802
True,683803
True,684201
True,684501
True,684601
True,684701
True,684901
True,685201
True,685202
True,685501
True,685601
True,686001
True,686701
True,687001
True,687201
True,687401
True,687501
True,687502
True,687503
True,687601
True,687602
True,687603
True,687701
True,687801
True,688101
True,688401
True,688601
True,688801
True,688802
True,688803
True,688804
True,689001
True,689701
True,690401
True,690402
True,690403
True,690901
True,691401
True,691601
True,691901
True,692201
True,692301
True,692701
True,693301
True,693302
True,693501
True,693601
True,693602
True,693603
True,693801
True,694101
True,694201
True,694801
True,695201
True,695301
True,695501
True,695601
True,695801
True,695901
True,695902
True,695903
True,696101
True,696102
True,696501
True,696901
True,697401
True,697501
True,698301
True,698302
True,698601
True,698602
True,698603
True,698604
True,698605
True,698606
True,698607
True,698608
True,698901
True,699301
True,700001
True,700301
True,700901
True,700902
True,701201
True,702301
True,702401
True,703001
True,703301
True,703501
True,704301
True,704601
True,704602
True,704603
True,705401
True,705402
True,705501
True,706301
True,706302
True,706401
True,706501
True,706601
True,706602
True,706701
True,706702
True,706703
True,707001
True,707501
True,707601
True,708101
True,708102
True,710001
True,710002
True,710101
True,710102
True,710201
True,710301
True,710302
True,710701
True,710801
True,711201
True,711501
True,712201
True,712301
True,712401
True,712402
True,712403
True,712501
True,712901
True,713001
True,713002
True,713003
True,713004
True,713005
False,713006
True,713007
True,713101
True,713501
True,713502
True,713503
True,713504
True,713601
True,713801
True,713901
True,714101
True,714501
True,714601
True,714701
True,715001
True,715002
True,715301
True,715401
True,715801
True,716301
True,716302
True,716303
True,716401
True,716901
True,717201
True,717202
True,717401
True,717801
True,718301
True,718501
True,719501
True,719601
True,719801
True,720101
True,720401
True,720901
True,720902
True,721101
True,721201
True,721301
True,722001
True,722201
True,722301
True,722801
True,723101
True,723701
True,723901
True,724101
True,724102
True,724301
True,724302
True,724303
True,724304
True,724305
True,724401
True,724501
True,724801
True,724802
True,725101
True,725401
True,726201
True,726301
True,726401
True,726501
True,726601
True,726602
True,726603
True,726901
True,726902
True,727201
True,727501
True,728101
True,728201
True,728601
True,728701
True,728801
True,729101
True,729301
True,729401
True,729501
True,729502
True,729901
True,730801
True,731201
True,731501
True,731601
True,731701
True,731801
True,731901
True,731902
True,731903
True,732501
True,732901
True,732902
True,732903
True,733301
True,733501
True,734501
True,734801
True,734802
True,734803
True,734901
True,735201
True,735401
True,735402
True,735403
True,735404
True,735405
True,735406
True,735501
True,735701
True,736201
True,736301
True,736401
True,736801
True,736901
True,737301
True,737302
True,737501
True,737801
True,738001
True,738002
True,738003
True,738004
True,738101
True,738201
True,738301
True,738302
True,738401
True,738601
True,738901
True,739701
True,740001
True,740401
True,740701
True,740901
True,740902
True,741201
True,741301
True,741302
True,741401
True,741501
True,741701
True,741702
True,742001
True,742101
True,742102
True,742301
True,742302
True,742401
True,742601
True,742602
True,742603
True,743301
True,743401
True,743901
True,743902
True,744001
True,744101
True,744301
True,745101
True,745401
True,746301
True,746501
True,746601
True,746701
True,746801
True,746901
True,747001
True,747101
True,747102
True,747301
True,747302
True,747401
True,747601
True,748001
True,748201
True,748202
True,748901
True,748902
True,748903
True,749101
True,749301
True,749701
True,751101
True,751601
True,751901
True,752601
True,752801
True,752802
True,752803
True,752804
True,753001
True,753002
True,753003
True,753004
True,753201
True,753701
True,753901
True,753902
True,754001
True,754101
True,754102
True,754103
True,754601
True,754701
True,754801
True,755101
True,755401
True,755501
True,755601
True,755602
True,755603
True,755604
True,755701
True,755702
True,755703
True,755801
True,755802
True,756201
True,756401
True,756601
True,757001
True,757002
True,757101
True,757501
True,758101
True,758201
True,758202
True,758203
True,758204
True,758205
True,758701
True,758901
True,759001
True,759101
True,759102
True,759301
True,759701
True,759702
True,759703
True,759704
True,759705
False,759706
True,759707
True,760001
True,760002
True,760201
True,760301
True,760701
True,761001
True,761002
True,761101
True,761102
True,761201
True,761202
True,761301
True,761501
True,761701
True,761901
True,762901
True,762902
True,762903
True,763601
True,763701
True,763702
True,763703
True,763801
True,764201
True,764501
True,764801
True,765101
True,765301
True,765401
True,765501
True,765701
True,765801
True,765901
True,766201
True,766301
True,766401
True,766801
True,767201
True,767301
True,767401
True,767501
True,768101
True,768501
True,768601
True,769501
True,770101
True,770401
True,770601
True,771801
True,772201
True,772501
True,772601
True,773001
True,773201
True,773301
True,773401
True,773501
True,773701
True,774001
True,774002
True,774501
True,775001
True,775601
True,775801
True,775901
True,776201
True,776501
True,776502
True,776503
True,776601
True,777201
True,777901
True,778101
True,779201
True,779202
True,779203
True,779204
True,779205
True,779401
True,779501
True,779502
True,779601
True,779801
True,779802
True,779901
True,780401
True,780701
True,781101
True,781401
True,781701
True,781901
True,782201
True,782301
True,782501
True,782502
True,782503
True,782601
True,782701
True,783601
True,783801
True,784401
True,784601
True,784602
True,785401
True,785501
True,785701
True,786001
True,786201
True,786701
True,786901
True,787401
True,787402
True,787601
True,788001
True,788002
True,788701
True,789301
True,789302
True,789303
True,789304
True,789305
True,789601
True,789801
True,790001
True,790601
True,790901
True,790902
True,791101
True,791201
True,791501
True,791502
True,791503
True,791701
True,792101
True,792102
True,792301
True,792501
True,792701
True,792702
True,792703
True,792801
True,793101
True,793201
True,793301
True,793401
True,793402
False,793403
True,793801
True,794201
False,794202
True,794801
True,795101
True,795301
True,795601
True,795901
True,796101
True,796301
True,796302
True,796303
True,796401
True,796501
True,796601
True,796901
True,797101
True,797102
True,797501
True,797701
True,797801
True,797802
True,797901
True,798001
True,799101
True,799102
True,799103
True,799104
True,799201
True,799701
True,799801
True,799802
True,799803
True,799804
True,800101
True,800201
True,800801
True,800901
True,801101
True,801301
True,801701
True,802201
True,802801
True,803301
True,803901
True,803902
True,804001
True,804101
True,804102
True,804401
True,804501
True,804701
True,804801
True,805101
True,805102
True,806101
True,806102
True,806201
True,806501
True,807001
True,807301
True,807401
True,808001
True,809001
True,809301
True,809501
True,809601
True,809901
True,810001
True,810101
True,810401
True,810901
True,811001
True,811101
True,811301
True,811302
False,811303
True,811304
True,811401
True,812501
True,812502
True,812601
True,812701
True,813201
True,813401
True,814201
True,814501
True,814601
True,815101
True,815401
True,815501
True,816001
True,816301
True,816601
True,816901
True,817001
True,817201
True,817401
True,817901
True,818001
True,818101
True,818102
True,818103
True,818301
True,818401
True,818501
True,818701
True,818801
True,819301
True,819501
True,819601
True,819602
True,819801
True,820101
True,820601
True,821501
True,822301
True,822801
True,823001
True,823401
True,823601
True,824001
True,824101
True,824501
True,824502
True,824601
True,824901
True,825001
True,825301
True,825601
True,825801
True,826201
True,826301
True,826901
True,827401
True,827801
True,828301
True,828401
True,828402
True,828501
True,828601
True,829001
True,829301
True,829601
True,829901
True,830401
True,830402
True,830403
True,830501
True,830502
True,830503
True,830801
True,830901
True,831101
True,831201
True,832501
True,832502
True,832701
True,833101
True,833701
True,834001
True,834002
True,834003
True,834701
True,834901
True,835001
True,835101
True,835201
True,835301
True,835501
True,835701
True,835702
True,835801
True,835901
True,836101
True,836102
True,836103
True,836104
True,836105
True,836401
True,836701
True,837001
True,837002
True,837201
True,838501
True,838502
True,838503
True,838701
True,838901
True,839101
True,839601
True,839901
True,840001
True,840002
True,840003
True,840201
True,840202
True,840203
True,840801
True,840802
True,841201
True,841301
True,841501
True,841701
True,842201
True,842401
True,842501
True,842502
True,842601
True,842602
True,842801
True,843401
True,843501
True,843601
True,843901
True,844001
True,844002
True,844003
True,844301
True,844302
True,844501
True,844502
False,844503
True,844601
True,845001
True,845002
True,845003
True,845301
True,845501
True,846101
True,846401
True,846402
True,847301
True,847302
True,847801
True,847802
True,848401
True,848501
True,848801
True,849001
True,849601
True,849701
True,849801
True,849901
True,850101
True,850501
True,850701
True,851001
True,851002
True,851301
True,851501
True,851701
True,851702
True,851801
True,851901
True,852001
True,852002
True,852501
True,852502
True,852601
True,852602
True,852701
True,852901
True,853101
True,853201
True,853301
True,853401
True,853402
True,853403
True,853404
True,853801
True,854301
True,854302
True,854303
True,854304
True,854305
True,854306
True,854307
True,854308
True,854601
True,854701
True,855001
True,855301
True,855501
True,855502
True,855503
True,855801
True,856201
True,856301
True,856401
True,856501
True,856502
True,856503
True,856701
True,856702
True,856703
True,856801
True,856802
True,857501
True,857601
True,857801
True,857901
True,858201
True,858301
True,858302
True,859001
True,859101
True,859301
True,860001
True,860101
True,860801
True,862101
True,862201
True,862501
True,862701
True,863001
True,863201
True,863202
True,864701
True,864801
True,864802
True,864803
True,864901
True,865101
True,865201
True,865501
True,866001
True,866201
True,866501
True,866601
True,867601
True,867701
True,867702
True,867703
True,867801
True,867802
True,867901
True,868201
True,868601
True,868901
True,869001
True,869002
True,869201
True,869202
True,869203
True,869701
True,869801
True,869901
True,870201
True,870501
True,870601
True,870701
True,871101
True,871301
True,871302
True,871501
True,871801
True,872401
True,872501
True,872601
True,873001
True,873101
True,873701
True,873801
True,873901
True,874001
True,874201
True,874501
True,874601
True,874701
True,874702
True,874801
True,874802
True,875601
True,875801
True,875802
True,876101
True,876301
True,876302
False,876303
True,876501
True,876701
True,876702
True,876801
True,876802
True,876803
True,877501
True,877701
True,877801
True,877802
True,878401
True,878801
True,879201
True,879301
True,879302
True,879303
True,879304
True,879305
True,879501
True,880001
True,880002
False,880003
True,880004
True,880005
True,880301
True,880401
True,880402
True,880403
True,880404
True,880405
True,881001
True,881401
True,882901
True,883201
True,883701
True,883901
True,883902
True,884601
True,884602
True,884701
True,885101
True,885501
True,885701
True,885901
True,886601
True,887001
True,887002
True,887301
True,887302
True,887303
True,887501
True,887502
True,887503
True,887701
True,887702
True,887901
True,888201
True,888701
True,888801
True,889301
True,889302
True,889501
True,889502
True,889801
True,890801
True,890901
True,891101
True,891201
True,891301
True,891302
True,891303
True,891401
True,891501
True,891601
True,891701
True,892101
True,892401
True,892501
True,892502
True,892503
True,892504
True,892505
True,892506
True,892701
True,892901
True,893101
True,893301
True,893401
True,893501
True,893601
True,894301
True,894601
True,894901
True,895001
True,895101
True,895201
True,895301
True,895701
True,895801
True,896001
True,896002
True,896003
True,896201
True,896301
True,896501
True,897101
True,897401
True,897901
True,898001
True,898002
True,898003
True,898004
True,898005
True,898006
True,898007
True,898401
True,899001
True,899101
True,899401
True,899402
True,899501
True,900001
True,900201
True,900501
True,901601
True,901602
True,901603
True,901604
True,901605
True,901701
True,902201
True,902202
True,902203
True,902501
True,902502
True,902701
True,903301
True,903901
True,904001
True,904401
True,904501
True,904502
True,904701
True,905001
True,905101
True,905301
True,905302
True,905401
True,905501
True,905601
True,905801
True,906201
True,906202
True,906301
True,906501
True,906701
True,906702
True,907001
True,907002
True,908201
True,908301
True,908302
True,908601
True,908602
True,908701
True,908801
True,909001
True,909101
True,909201
True,909301
True,909501
True,909601
True,909602
True,910001
True,910201
True,910501
True,910901
True,911301
True,911701
True,912101
True,912301
True,913301
True,913501
True,913801
True,914301
True,914302
True,914303
True,914601
True,914602
True,914603
True,914701
True,915301
True,915401
True,915501
True,915502
True,915503
True,915504
True,916201
True,916202
True,916203
True,916601
True,917101
True,917701
True,917702
True,918201
True,918701
True,918702
True,919101
True,919801
True,920001
True,920401
True,920601
True,920602
True,920603
True,920701
True,920901
True,921001
True,921201
True,921202
True,921401
True,921501
True,921601
True,922301
True,922302
True,922801
True,922901
True,923201
True,923601
True,923801
True,923802
True,923803
True,923804
True,923805
True,923806
True,923807
True,924001
True,924301
True,924501
True,924901
True,925501
True,925801
True,926001
True,926201
True,926301
True,926501
True,926601
True,926602
True,926901
True,927101
True,927301
True,927701
